{
    "t_limits": [
        10,
        20,
        30,
        40,
        50
    ],
    "results": {
        "CNN-LSTM": [
            0.01872357220521995,
            0.015436692030302115,
            0.01648057172341006,
            0.017704719810613563,
            0.01839450267808778
        ],
        "Tiny3DCNN": [
            0.18529729970863887,
            0.08296832868031093,
            0.0640469321182796,
            0.0505403998707022,
            0.045733796166522164
        ],
        "LastFrameCNN": [
            0.04294620720403535,
            0.04588118142315319,
            0.04880839639476368,
            0.05198279236044202,
            0.05360420420765877
        ],
        "Hopfield-Attn": [
            0.05432005812014852,
            0.048422379685299735,
            0.05330613122454712,
            0.05989185281630073,
            0.07127873586224658
        ]
    }
}