{
    "factors": [
        1,
        2,
        4
    ],
    "results": {
        "CNN-LSTM": [
            0.01839450267808778,
            0.018395791362438883,
            0.01839619954781873
        ],
        "Tiny3DCNN": [
            0.045733796166522164,
            0.04768110652055059,
            0.04839583645973887
        ],
        "LastFrameCNN": [
            0.05360420420765877,
            0.05360420420765877,
            0.05360420420765877
        ],
        "Hopfield-Attn": [
            0.07127873586224658,
            0.0979373747748988,
            0.11704979730503899
        ]
    }
}