{
    "CNN-LSTM": {
        "train": [],
        "val": []
    },
    "Tiny3DCNN": {
        "train": [],
        "val": []
    },
    "LastFrameCNN": {
        "train": [],
        "val": []
    },
    "Hopfield-Attn": {
        "train": [
            0.029948845838329623,
            0.004786971257999539,
            0.0022629122416089687,
            0.0015330925650362457,
            0.0011985660530626774,
            0.0010803026920517109,
            0.0010728318967656897,
            0.000979870354058221,
            0.0009181517276114651,
            0.0008695862197782844,
            0.0009041438669165862,
            0.0008698112381223057,
            0.0008451405738014728,
            0.0008458155207335949,
            0.0008376998386146235
        ],
        "val": [
            0.008615669794380665,
            0.0004652761646346854,
            0.00029871797596570104,
            0.00016285108306744535,
            2.7752829867365237e-05,
            0.00012119661758853388,
            0.00010666736333015641,
            0.0004250833922664502,
            0.00043902468418569436,
            0.0004706236151313143,
            0.0006294498432128291,
            0.0005319788095740867,
            0.0004847159517729389,
            0.0004770992776944435,
            0.0005008826015650161
        ]
    }
}